Date,Revenue,COGS,Operating_Expenses,EBITDA,Net_Income,Gross_Profit,Operating_Income,Company,EBITDA_Margin,GDP,CPI,Fed_Rate,Unemployment,Revenue_lag1,EBITDA_lag1,Net_Income_lag1,Operating_Income_lag1,Revenue_YoY,EBITDA_YoY,Target_Revenue,Target_EBITDA,Target_Net_Income
2021-03-31,89584.0,51505.0,10576.0,31478.0,23630.0,38079.0,27503.0,AAPL,35.14,5145.087,263.15766666666667,0.08,6.233333333333333,,,,,,,81434.0,27866.0,21744.0
2021-03-31,108518.0,62403.0,37152.04,16373.0,8107.0,46115.0,8865.0,AMZN,15.09,5145.087,263.15766666666667,0.08,6.233333333333333,,,,,,,113080.0,15740.0,7778.0
2021-03-31,55314.0,24103.0,14774.0,24112.0,17930.0,31211.0,16437.0,GOOGL,43.59,5145.087,263.15766666666667,0.08,6.233333333333333,,,,,,,61880.0,25006.0,18525.0
2021-03-31,26171.0,5131.0,9662.0,13350.0,9497.0,21040.0,11378.0,META,51.01,5145.087,263.15766666666667,0.08,6.233333333333333,,,,,,,29077.0,14352.0,10394.0
2021-03-31,41706.0,13045.0,11613.0,20805.0,15457.0,28661.0,17048.0,MSFT,49.88,5145.087,263.15766666666667,0.08,6.233333333333333,,,,,,,46152.0,23302.0,16458.0
2021-06-30,81434.0,46179.0,11129.0,27866.0,21744.0,35255.0,24126.0,AAPL,34.22,5368.017,269.315,0.07,5.933333333333334,89584.0,31478.0,23630.0,27503.0,,,83360.0,26909.0,20551.0
2021-06-30,113080.0,64176.0,41097.89,15740.0,7778.0,48904.0,7702.0,AMZN,13.92,5368.017,269.315,0.07,5.933333333333334,108518.0,16373.0,8107.0,8865.0,,,110812.0,13800.0,3156.0
2021-06-30,61880.0,26227.0,16292.0,25006.0,18525.0,35653.0,19361.0,GOOGL,40.41,5368.017,269.315,0.07,5.933333333333334,55314.0,24112.0,17930.0,16437.0,,,65118.0,26445.0,18936.0
2021-06-30,29077.0,5399.0,11311.0,14352.0,10394.0,23678.0,12367.0,META,49.36,5368.017,269.315,0.07,5.933333333333334,26171.0,13350.0,9497.0,11378.0,,,29010.0,12418.0,9194.0
2021-06-30,46152.0,13991.0,13066.0,23302.0,16458.0,32161.0,19095.0,MSFT,50.49,5368.017,269.315,0.07,5.933333333333334,41706.0,20805.0,15457.0,17048.0,,,45317.0,24275.0,20505.0
2021-09-30,83360.0,48186.0,11388.0,26909.0,20551.0,35174.0,23786.0,AAPL,32.28,5418.754,273.62666666666667,0.09,5.066666666666666,81434.0,27866.0,21744.0,24126.0,,,123945.0,44632.0,34630.0
2021-09-30,110812.0,62930.0,42923.87,13800.0,3156.0,47882.0,4852.0,AMZN,12.45,5418.754,273.62666666666667,0.09,5.066666666666666,113080.0,15740.0,7778.0,7702.0,,,137412.0,13262.0,14323.0
2021-09-30,65118.0,27621.0,16466.0,26445.0,18936.0,37497.0,21031.0,GOOGL,40.61,5418.754,273.62666666666667,0.09,5.066666666666666,61880.0,25006.0,18525.0,19361.0,,,75325.0,27958.0,20642.0
2021-09-30,29010.0,5771.0,12816.0,12418.0,9194.0,23239.0,10423.0,META,42.81,5418.754,273.62666666666667,0.09,5.066666666666666,29077.0,14352.0,10394.0,12367.0,,,33671.0,14599.0,10285.0
2021-09-30,45317.0,13646.0,11433.0,24275.0,20505.0,31671.0,20238.0,MSFT,53.57,5418.754,273.62666666666667,0.09,5.066666666666666,46152.0,23302.0,16458.0,19095.0,,,51728.0,26536.0,18765.0
2021-12-31,123945.0,69702.0,12755.0,44632.0,34630.0,54243.0,41488.0,AAPL,36.01,5600.549,277.7796666666666,0.08,4.166666666666667,83360.0,26909.0,20551.0,23786.0,,,97278.0,33567.0,25010.0
2021-12-31,137412.0,82835.0,50983.05,13262.0,14323.0,54577.0,3460.0,AMZN,9.65,5600.549,277.7796666666666,0.08,4.166666666666667,110812.0,13800.0,3156.0,4852.0,,,116444.0,12862.0,-3844.0
2021-12-31,75325.0,32988.0,20452.0,27958.0,20642.0,42337.0,21885.0,GOOGL,37.12,5600.549,277.7796666666666,0.08,4.166666666666667,65118.0,26445.0,18936.0,21031.0,,,68011.0,22799.0,16436.0
2021-12-31,33671.0,6348.0,14738.0,14599.0,10285.0,27323.0,12585.0,META,43.36,5600.549,277.7796666666666,0.08,4.166666666666667,29010.0,12418.0,9194.0,10423.0,,,27908.0,10680.0,7465.0
2021-12-31,51728.0,16960.0,12521.0,26536.0,18765.0,34768.0,22247.0,MSFT,51.3,5600.549,277.7796666666666,0.08,4.166666666666667,45317.0,24275.0,20505.0,20238.0,,,49360.0,24466.0,16728.0
2022-03-31,97278.0,54719.0,12580.0,33567.0,25010.0,42559.0,29979.0,AAPL,34.51,5354.373,284.1226666666667,0.12,3.8666666666666663,123945.0,44632.0,34630.0,41488.0,8.59,6.64,82959.0,26590.0,19442.0
2022-03-31,116444.0,66499.0,46154.65,12862.0,-3844.0,49945.0,3669.0,AMZN,11.05,5354.373,284.1226666666667,0.12,3.8666666666666663,137412.0,13262.0,14323.0,3460.0,7.3,-21.44,121234.0,13033.0,-2028.0
2022-03-31,68011.0,29599.0,18318.0,22799.0,16436.0,38412.0,20094.0,GOOGL,33.52,5354.373,284.1226666666667,0.12,3.8666666666666663,75325.0,27958.0,20642.0,21885.0,22.95,-5.45,69685.0,22996.0,16002.0
2022-03-31,27908.0,6005.0,13379.0,10680.0,7465.0,21903.0,8524.0,META,38.27,5354.373,284.1226666666667,0.12,3.8666666666666663,33671.0,14599.0,10285.0,12585.0,6.64,-20.0,28822.0,10337.0,6687.0
2022-03-31,49360.0,15615.0,13381.0,24466.0,16728.0,33745.0,20364.0,MSFT,49.57,5354.373,284.1226666666667,0.12,3.8666666666666663,51728.0,26536.0,18765.0,22247.0,18.35,17.6,51865.0,24962.0,16740.0
2022-06-30,82959.0,47074.0,12809.0,26590.0,19442.0,35885.0,23076.0,AAPL,32.05,5495.481,292.57199999999995,0.77,3.633333333333333,97278.0,33567.0,25010.0,29979.0,1.87,-4.58,90146.0,28349.0,20721.0
2022-06-30,121234.0,66424.0,51369.53,13033.0,-2028.0,54810.0,3317.0,AMZN,10.75,5495.481,292.57199999999995,0.77,3.633333333333333,116444.0,12862.0,-3844.0,3669.0,7.21,-17.2,127101.0,12729.0,2872.0
2022-06-30,69685.0,30104.0,20128.0,22996.0,16002.0,39581.0,19453.0,GOOGL,33.0,5495.481,292.57199999999995,0.77,3.633333333333333,68011.0,22799.0,16436.0,20094.0,12.61,-8.04,69092.0,20380.0,13910.0
2022-06-30,28822.0,5192.0,15272.0,10337.0,6687.0,23630.0,8358.0,META,35.86,5495.481,292.57199999999995,0.77,3.633333333333333,27908.0,10680.0,7465.0,8524.0,-0.88,-27.98,27714.0,7839.0,4395.0
2022-06-30,51865.0,16429.0,14902.0,24962.0,16740.0,35436.0,20534.0,MSFT,48.13,5495.481,292.57199999999995,0.77,3.633333333333333,49360.0,24466.0,16728.0,20364.0,12.38,7.12,50122.0,24918.0,17556.0
2022-09-30,90146.0,52051.0,13201.0,28349.0,20721.0,38095.0,24894.0,AAPL,31.45,5556.056,296.4183333333333,2.19,3.533333333333333,82959.0,26590.0,19442.0,23076.0,8.14,5.35,117154.0,38932.0,29998.0
2022-09-30,127101.0,70268.0,54184.18,12729.0,2872.0,56833.0,2525.0,AMZN,10.01,5556.056,296.4183333333333,2.19,3.533333333333333,121234.0,13033.0,-2028.0,3317.0,14.7,-7.76,149204.0,15232.0,278.0
2022-09-30,69092.0,31158.0,20799.0,20380.0,13910.0,37934.0,17135.0,GOOGL,29.5,5556.056,296.4183333333333,2.19,3.533333333333333,69685.0,22996.0,16002.0,19453.0,6.1,-22.93,76048.0,21438.0,13624.0
2022-09-30,27714.0,5716.0,16334.0,7839.0,4395.0,21998.0,5664.0,META,28.29,5556.056,296.4183333333333,2.19,3.533333333333333,28822.0,10337.0,6687.0,8358.0,-4.47,-36.87,32165.0,8775.0,4652.0
2022-09-30,50122.0,15452.0,13152.0,24918.0,17556.0,34670.0,21518.0,MSFT,49.71,5556.056,296.4183333333333,2.19,3.533333333333333,51865.0,24962.0,16740.0,20534.0,10.6,2.65,52747.0,24047.0,16425.0
2022-12-31,117154.0,66822.0,14709.0,38932.0,29998.0,50332.0,36016.0,AAPL,33.23,5670.022,297.50666666666666,3.653333333333333,3.5666666666666664,90146.0,28349.0,20721.0,24894.0,-5.48,-12.77,94836.0,31216.0,24160.0
2022-12-31,149204.0,85640.0,60258.0,15232.0,278.0,63564.0,2547.0,AMZN,10.21,5670.022,297.50666666666666,3.653333333333333,3.5666666666666664,127101.0,12729.0,2872.0,2525.0,8.58,14.85,127358.0,15897.0,3172.0
2022-12-31,76048.0,35342.0,22546.0,21438.0,13624.0,40706.0,18160.0,GOOGL,28.19,5670.022,297.50666666666666,3.653333333333333,3.5666666666666664,69092.0,20380.0,13910.0,17135.0,0.96,-23.32,69787.0,20920.0,15051.0
2022-12-31,32165.0,8336.0,17430.0,8775.0,4652.0,23829.0,6399.0,META,27.28,5670.022,297.50666666666666,3.653333333333333,3.5666666666666664,27714.0,7839.0,4395.0,5664.0,-4.47,-39.89,28645.0,9751.0,5709.0
2022-12-31,52747.0,17488.0,14860.0,24047.0,16425.0,35259.0,20399.0,MSFT,45.59,5670.022,297.50666666666666,3.653333333333333,3.5666666666666664,50122.0,24918.0,17556.0,21518.0,1.97,-9.38,52857.0,26718.0,18299.0
2023-03-31,94836.0,52860.0,13594.0,31216.0,24160.0,41976.0,28318.0,AAPL,32.92,5488.947,300.6153333333333,4.516666666666667,3.533333333333333,117154.0,38932.0,29998.0,36016.0,-2.51,-7.0,81797.0,26050.0,19881.0
2023-03-31,127358.0,67791.0,54570.0,15897.0,3172.0,59567.0,4774.0,AMZN,12.48,5488.947,300.6153333333333,4.516666666666667,3.533333333333333,149204.0,15232.0,278.0,2547.0,9.37,23.6,134383.0,19270.0,6750.0
2023-03-31,69787.0,30612.0,21760.0,20920.0,15051.0,39175.0,17415.0,GOOGL,29.98,5488.947,300.6153333333333,4.516666666666667,3.533333333333333,76048.0,21438.0,13624.0,18160.0,2.61,-8.24,74604.0,24770.0,18368.0
2023-03-31,28645.0,6108.0,15310.0,9751.0,5709.0,22537.0,7227.0,META,34.04,5488.947,300.6153333333333,4.516666666666667,3.533333333333333,32165.0,8775.0,4652.0,6399.0,2.64,-8.7,31999.0,12015.0,7788.0
2023-03-31,52857.0,16128.0,14377.0,26718.0,18299.0,36729.0,22352.0,MSFT,50.55,5488.947,300.6153333333333,4.516666666666667,3.533333333333333,52747.0,24047.0,16425.0,20399.0,7.08,9.2,56189.0,28128.0,20081.0
2023-06-30,81797.0,45384.0,13415.0,26050.0,19881.0,36413.0,22998.0,AAPL,31.85,5655.781,304.19966666666664,4.989999999999999,3.533333333333333,94836.0,31216.0,24160.0,28318.0,-1.4,-2.03,89498.0,29622.0,22956.0
2023-06-30,134383.0,69373.0,57183.0,19270.0,6750.0,65010.0,7681.0,AMZN,14.34,5655.781,304.19966666666664,4.989999999999999,3.533333333333333,127358.0,15897.0,3172.0,4774.0,10.85,47.86,143083.0,23319.0,9879.0
2023-06-30,74604.0,31916.0,20850.0,24770.0,18368.0,42688.0,21838.0,GOOGL,33.2,5655.781,304.19966666666664,4.989999999999999,3.533333333333333,69787.0,20920.0,15051.0,17415.0,7.06,7.71,76693.0,24484.0,19689.0
2023-06-30,31999.0,5945.0,16662.0,12015.0,7788.0,26054.0,9392.0,META,37.55,5655.781,304.19966666666664,4.989999999999999,3.533333333333333,28645.0,9751.0,5709.0,7227.0,11.02,16.23,34146.0,16607.0,11583.0
2023-06-30,56189.0,16795.0,15140.0,28128.0,20081.0,39394.0,24254.0,MSFT,50.06,5655.781,304.19966666666664,4.989999999999999,3.533333333333333,52857.0,26718.0,18299.0,22352.0,8.34,12.68,56517.0,31730.0,22291.0
2023-09-30,89498.0,49071.0,13411.0,29622.0,22956.0,40427.0,26969.0,AAPL,33.1,5731.929,306.8353333333333,5.260000000000001,3.633333333333333,81797.0,26050.0,19881.0,22998.0,-0.72,4.49,119575.0,43221.0,33916.0
2023-09-30,143083.0,75022.0,56629.0,23319.0,9879.0,68061.0,11188.0,AMZN,16.3,5731.929,306.8353333333333,5.260000000000001,3.633333333333333,134383.0,19270.0,6750.0,7681.0,12.57,83.2,169961.0,27029.0,10624.0
2023-09-30,76693.0,33229.0,22121.0,24484.0,19689.0,43464.0,21343.0,GOOGL,31.92,5731.929,306.8353333333333,5.260000000000001,3.633333333333333,74604.0,24770.0,18368.0,21838.0,11.0,20.14,86310.0,26044.0,20687.0
2023-09-30,34146.0,6210.0,14188.0,16607.0,11583.0,27936.0,13748.0,META,48.64,5731.929,306.8353333333333,5.260000000000001,3.633333333333333,31999.0,12015.0,7788.0,9392.0,23.21,111.85,40111.0,19556.0,14017.0
2023-09-30,56517.0,16302.0,13320.0,31730.0,22291.0,40215.0,26895.0,MSFT,56.14,5731.929,306.8353333333333,5.260000000000001,3.633333333333333,56189.0,28128.0,20081.0,24254.0,12.76,27.34,62020.0,33394.0,21870.0
2023-12-31,119575.0,64720.0,14532.0,43221.0,33916.0,54855.0,40373.0,AAPL,36.15,5847.063,307.156,5.33,3.8,89498.0,29622.0,22956.0,26969.0,2.07,11.02,90753.0,30736.0,23636.0
2023-12-31,169961.0,92553.0,64045.0,27029.0,10624.0,77408.0,13209.0,AMZN,15.9,5847.063,307.156,5.33,3.8,143083.0,23319.0,9879.0,11188.0,13.91,77.45,143313.0,26991.0,10431.0
2023-12-31,86310.0,37575.0,25038.0,26044.0,20687.0,48735.0,23697.0,GOOGL,30.17,5847.063,307.156,5.33,3.8,76693.0,24484.0,19689.0,21343.0,13.49,21.49,80539.0,31822.0,23662.0
2023-12-31,40111.0,7695.0,16032.0,19556.0,14017.0,32416.0,16384.0,META,48.75,5847.063,307.156,5.33,3.8,34146.0,16607.0,11583.0,13748.0,24.7,122.86,36455.0,17684.0,12369.0
2023-12-31,62020.0,19623.0,15365.0,33394.0,21870.0,42397.0,27032.0,MSFT,53.84,5847.063,307.156,5.33,3.8,56517.0,31730.0,22291.0,26895.0,17.58,38.87,61858.0,33554.0,21939.0
